title,price,category,material,brand,description,view_count,comments,style
#BuckList 刮刮樂台灣地圖 (很適合送給外國朋友),699,地圖,紙,愛禮物,"
                            #送給喜歡台灣的外國朋友#送給喜歡旅行的妳我他<3 我們一起去旅行吧 <3環遊世界或許是個遙遠的夢想但是環遊台灣應該是可以完成的目標👐👐👐不管是徒步｜自行車｜摩托車｜汽車｜火車都可以輕鬆環遊台灣🌴🎀 愛 禮 物 創 意 設 計 🎀【Bucklist Taiwan 刮刮樂台灣地圖】讓我們每到一個城市就親手刮開一個地方吧❤親手完成整張地圖的感動是難以言喻的❤❤讓我們一起去旅行吧💋送給外國朋友最棒的禮物！產地/製造方式台灣設計 台灣製作大小大約是 26.5cm x 74 cm
                        ",8925,"[{'id': 'Kitty Chan', 'comment': '商品很可愛！！', 'score': 5}, {'id': 'Ingru Huang', 'comment': '朋友收到好開心，很讚哦！\n若有小款會再買來自用;-) ', 'score': 5}, {'id': 'story840909', 'comment': '很棒的地圖👍', 'score': 5}, {'id': '莎莎', 'comment': '商品很棒～～很喜歡～～', 'score': 5}]",cute
西部半島鐵道布地圖/壯遊鐵道系列,550,地圖,棉．麻,我在旅行,"
                            ✨**旅行，分享，認識你。**｜商品特色及故事｜一張地圖對於你的意義是什麼？查詢？解惑？一介普通的工具？對我們來說，他是夥伴。每一站我們都需要它陪著我們，蓋章、拍照、甚至風冷了還能擋擋。如果你不旅行，你就不會知道路線可以像日記一樣，充滿生命的痕跡。半島鐵道布地圖將台灣分為東西部，布地圖設計概念是個半成品，每個擁有地圖的主人都是完成地圖設計的創作人，唯有旅行的記錄可以豐富地圖上的空白，帶著他旅行，隨著每個人走過的路不同，沾附上的灰塵也不同，還有台灣大大小小車站紀念戳章的蒐集，讓地圖就像一份自己做給自己的禮物一樣，藉著鐵路環島一圈，完成屬於自己獨一無二的旅行記錄。｜商品材質及尺寸說明｜材料：胚布尺寸：50 x 100 公分 (誤差0.5)｜產地/製造方式｜　台灣／手工網版印刷布地圖製作過程相當繁複，每一份都是純手工網版印刷的喔！在這個講求統一與快速的時代，我們想支持傳統產業不用機械印刷，手工的珍貴在於必須依靠師傅當下印刷的力道與每一次墨水的調和不同，產生出的作品就會有不一樣的呈現，所以每一塊印刷之後的布地圖都是獨一無二的，不會百分百一樣，也因此都有屬於自己不同的溫度感。　　備註：布地圖呈現胚布原來的樣子，並沒有縫布邊，雖是如此但也不至會一直掉線頭，基本上只要把目前掉出來的線頭都拉掉就不會再掉了。請務必確保自己清楚了解並接受後再下訂單唷！　｜我在旅行品牌簡介｜選擇世界上最獨特的環島鐵道，當做遊戲的路線，你我都是主角，機會命運隨機發生，在婆娑之島上兩百多個大大小小的車站，用骰子決定前進的方向，帶著一張專屬勇氣的火車大富翁的地圖，期待在旅行中藉著搭便車或主動聊天的搭訕方式，試探一下自己面對陌生環境的膽量，坐上火車開始造自己精采可期的冒險故事，也發現台灣濃濃人情味的美好。我在旅行，從台灣出發，前往世界各地去旅行；在離開台灣前，決定要親身踏遍傳說中的美麗寶島，帶著這份溫暖的勇氣橫渡也飛越，認識別人的家鄉，也和他們好好地分享我們的土地。一起旅行台灣，一起分享故事，一起累積夢想的勇氣！產地/製造方式台灣
                        ",422,"[{'id': '喜彎彎', 'comment': '謝謝 收到商品囉~還不錯  \r\n不過寬度比我想像中的小 ^^""""', 'score': 5}, {'id': 'kerorofio117', 'comment': '想要拿著去旅行', 'score': 5}, {'id': 'Mikky MI', 'comment': '東西品質很好❤️', 'score': 5}, {'id': 'Maily', 'comment': '設計真的很可愛丶品質也非常好！\n收到立刻帶去環島 🛵🛵\r\nhttps://cdn03.pinkoi.com/pinkoi.review/iamtraveling/tUBaVrNA.jpg', 'score': 5}, {'id': '阮明皓', 'comment': '質感還不錯～\r\nhttps://cdn03.pinkoi.com/pinkoi.review/iamtraveling/vyKavDaQ.jpg', 'score': 5}, {'id': 'e901130', 'comment': '讚', 'score': 5}, {'id': 'Rocky Lee', 'comment': '邊邊沒有縫很容易脫線...', 'score': 3}, {'id': 'Chai Lin', 'comment': '出貨速度快👍', 'score': 5}, {'id': 'k222162003', 'comment': '很棒，期待旅行', 'score': 5}, {'id': '甄硍', 'comment': '已經收到了～雖然還沒拆開來看，不過我相信一定是很好的！感謝為了我的旅行計畫特別寄快捷郵件給我，嗚嗚超感人的，非常喜歡😘謝謝你們～', 'score': 5}]",cute
"國境之南－墾丁 ◀「布見不散。」帆布地圖【一杯下午茶的時間，即是旅行。】台灣印象紀念品 × 居家生活 × 店面擺飾 × 個性旅行 × 國外送禮 × Map of Kenting, Taiwan",300,地圖,人造纖維,台灣鐵道故事館,"
                            https://www.tr.net.tw/upload/download_files/c9a06d7df24b4d770dfa7e18d6026640.jpghttps://www.tr.net.tw/upload/download_files/41a6230fef099b2ad6c337996d77e474.jpghttps://www.tr.net.tw/upload/download_files/164abef5f310121ba00232c1d773fa39.jpg【產品名稱】布見不散。布地圖 (墾丁)【產品材質】帆布【產品尺寸】60 x 75 cm　※ 可水洗、可熨燙、不可漂白。※ 帆布為手工剪裁，尺寸可能有些微差異，為突顯自然風格邊緣可能保留鬚邊。※ 照片為商品實體拍攝，因拍攝環境差異與螢幕色差僅供參考，真實色彩以實品為準。產地/製造方式Made in Taiwan.https://www.tr.net.tw/upload/download_files/057c4b0189f6b20c9cdc33a242ea7283.jpg暖呼呼的房間角落，掛著一面藏著獨家記憶的地圖。或許是記憶中成長的家鄉、或許是努力過著每一天生活的居所、或著是回想起來就會不小心洋溢滿滿幸福傻笑的那一趟旅行。然後決定下次要去的地點，說好了『布見不散。』https://www.tr.net.tw/upload/download_files/242c09dfc43ae1a6944f8c0b004ef565.jpg將每一趟旅行的記憶永久保存，在日常生活的每一個角落。「一杯下午茶的時間，即是旅行。」緩慢找尋、仔細回味。當時造訪的地方。當時踏過的足跡。當時說過的言語。當時攜手的旅伴。https://www.tr.net.tw/upload/download_files/882e05dbd43a5df27a53464004f4dda2.jpg密密麻麻的車水馬龍，隱藏滿滿的設計巧思。 上百個地標景點、地方特色和可愛小人物。每一面布地圖都是設計師花費心血，親手一筆一劃重現旅行記憶輪廓。https://www.tr.net.tw/upload/download_files/28a3076dbb2dfe070d19747cc37bf456.jpghttps://www.tr.net.tw/upload/download_files/9cd8c300614739e55f74c89e9d38fd02.jpg用回憶撰寫故事。用創意點綴生活。請不用太拘束的，盡情用你的方式。裝飾自己的生活，紀錄自己的旅行。
                        ",2607,"[{'id': '黃妍婷', 'comment': '很有創意喔！', 'score': 4}, {'id': 'asuke', 'comment': '太喜歡了💕質感很棒、地圖超詳細的～', 'score': 5}, {'id': 'Tsiā Kasan', 'comment': '商品物超所值，期待更新的設計\n', 'score': 5}, {'id': 'ensha0430', 'comment': '出貨速度超快！！也很有質感～', 'score': 5}, {'id': 'Grace', 'comment': '很不錯 但布的味道有點重\n', 'score': 5}, {'id': '吳惠惠', 'comment': '清楚明遼', 'score': 4}, {'id': '劉云庭', 'comment': '很快就收到', 'score': 5}, {'id': 'fff', 'comment': '物品收到!非常棒唷  感謝', 'score': 5}, {'id': '蘇新博', 'comment': '喜歡', 'score': 5}, {'id': 'yins', 'comment': '晚給了評價，其實很快就拿到了！\n布很硬挺，質感很不錯👍\r\nhttps://cdn03.pinkoi.com/pinkoi.review/trc/eZMveANs.jpg', 'score': 5}, {'id': 'T.Y', 'comment': '感謝您~', 'score': 5}, {'id': 'Doly', 'comment': '超特棒的大地圖，可以把去過的地方ㄧㄧ標記！\n謝謝設計師：）\r\nhttps://cdn03.pinkoi.com/pinkoi.review/trc/YKvZespQ.jpg', 'score': 5}]",cute
Palomar｜揉一揉地圖精華版 <阿姆斯特丹>,348,地圖,防水材質,palomar,"
                            **旅行好伙伴，陪你一同冒險 玩樂全世界**Crumpled City Junior Map Paris一個獨特、不會被破壞也不需要小心翼翼折收的地圖，特殊材質所製成，軟質、非常輕盈，重量僅21公克，且100%防水的設計，下雨時可當作遮雨墊，晴天可當做野餐墊，使用完可以隨手丟進背包內，設計上運用了巧妙的插圖，能在第一時間吸引目光之外，也能輕鬆的尋找到景點。列出旅人們不容錯過的地點，這些景點都是由”世界特派員”所蒐集而來的「Soulsights」推薦，讓這些地圖成為最新的旅遊工具，為你帶來與眾不同的旅行回憶！產品名稱：揉一揉 地圖 精華版主要用途：世界各城市地圖，除了可查詢該城市知名景點，其特殊類紙質設計可隨意揉折且100%防水。主要材質：塑膠類紙質外盒尺寸：15cm X 11.5cm X 1.5cm地圖尺寸：65.8cm X 56cm城市類別：柏林、倫敦、紐約、巴黎、阿姆斯特丹包裝內容：地圖產地/製造方式義大利
                        ",5531,"[{'id': 'Lin A Han', 'comment': '已經收到，謝謝～～', 'score': 5}, {'id': 'evelyn88', 'comment': '掛上牆壁更美！', 'score': 5}, {'id': 'Alex Lai', 'comment': 'Thx', 'score': 5}, {'id': 'Gary Huang', 'comment': '超級棒！有質感', 'score': 5}, {'id': 'ruthchan2018', 'comment': '商品品質很好, 非常滿意', 'score': 5}, {'id': 'choo', 'comment': '質感很好！很喜歡！', 'score': 5}, {'id': 'antsky123', 'comment': '運送快速', 'score': 5}, {'id': '林瑜庭', 'comment': '👍🏻👍🏻👍🏻', 'score': 5}, {'id': '湯芷寧', 'comment': '終於有自己的世界地圖了', 'score': 5}, {'id': 'Miya Huang', 'comment': '很喜歡商品的質感', 'score': 5}, {'id': '曾榆涵', 'comment': '用心的好賣家', 'score': 5}, {'id': 'janpei117', 'comment': '迅速的收到了！地圖質感很好，連室內設計師看到都大讚！', 'score': 5}, {'id': '小葉', 'comment': '出貨很快速', 'score': 4}, {'id': '歐橘子', 'comment': '很有質感', 'score': 5}, {'id': 'Joanna Cheng', 'comment': '質感很好，超喜歡的!!附標地點的針也很有創意!', 'score': 5}, {'id': 'Rene Tsai', 'comment': '速度很快，品質相當不錯:D', 'score': 5}, {'id': 'fb_100000223197146', 'comment': '超喜歡❤️', 'score': 5}, {'id': 'j94529', 'comment': '出貨速度快~', 'score': 5}, {'id': 'Eing Chen', 'comment': '品質很棒 出貨快', 'score': 5}, {'id': 'Zuo', 'comment': '收到商品囉!!有效率的賣家\r\n商品質感也很不錯:)', 'score': 5}]",cute
Palomar｜揉一揉地圖精華版 <倫敦>,348,地圖,紙,palomar,"
                            **旅行好伙伴，陪你一同冒險 玩樂全世界**Crumpled City Junior Map London一個獨特、不會被破壞也不需要小心翼翼折收的地圖，特殊材質所製成，軟質、非常輕盈，重量僅21公克，且100%防水的設計，下雨時可當作遮雨墊，晴天可當做野餐墊，使用完可以隨手丟進背包內，設計上運用了巧妙的插圖，能在第一時間吸引目光之外，也能輕鬆的尋找到景點。列出旅人們不容錯過的地點，這些景點都是由”世界特派員”所蒐集而來的「Soulsights」推薦，讓這些地圖成為最新的旅遊工具，為你帶來與眾不同的旅行回憶！產品名稱：揉一揉 地圖 精華版主要用途：世界各城市地圖，除了可查詢該城市知名景點，其特殊類紙質設計可隨意揉折且100%防水。主要材質：塑膠類紙質外盒尺寸：15cm X 11.5cm X 1.5cm地圖尺寸：65.8cm X 56cm城市類別：柏林、倫敦、紐約、巴黎、阿姆斯特丹包裝內容：地圖產地/製造方式義大利
                        ",7662,"[{'id': 'metapher', 'comment': '朋友很喜歡~', 'score': 5}, {'id': 'Lin A Han', 'comment': '已經收到，謝謝～～', 'score': 5}, {'id': 'evelyn88', 'comment': '掛上牆壁更美！', 'score': 5}, {'id': 'Alex Lai', 'comment': 'Thx', 'score': 5}, {'id': 'Gary Huang', 'comment': '超級棒！有質感', 'score': 5}, {'id': 'ruthchan2018', 'comment': '商品品質很好, 非常滿意', 'score': 5}, {'id': 'choo', 'comment': '質感很好！很喜歡！', 'score': 5}, {'id': 'antsky123', 'comment': '運送快速', 'score': 5}, {'id': '林瑜庭', 'comment': '👍🏻👍🏻👍🏻', 'score': 5}, {'id': '湯芷寧', 'comment': '終於有自己的世界地圖了', 'score': 5}, {'id': 'Miya Huang', 'comment': '很喜歡商品的質感', 'score': 5}, {'id': '曾榆涵', 'comment': '用心的好賣家', 'score': 5}, {'id': 'janpei117', 'comment': '迅速的收到了！地圖質感很好，連室內設計師看到都大讚！', 'score': 5}, {'id': '小葉', 'comment': '出貨很快速', 'score': 4}, {'id': '歐橘子', 'comment': '很有質感', 'score': 5}, {'id': 'Joanna Cheng', 'comment': '質感很好，超喜歡的!!附標地點的針也很有創意!', 'score': 5}, {'id': 'Rene Tsai', 'comment': '速度很快，品質相當不錯:D', 'score': 5}, {'id': 'fb_100000223197146', 'comment': '超喜歡❤️', 'score': 5}, {'id': 'j94529', 'comment': '出貨速度快~', 'score': 5}, {'id': 'Eing Chen', 'comment': '品質很棒 出貨快', 'score': 5}]",cute
Palomar｜ 揉一揉地圖精華版 <紐約>,348,地圖,紙,palomar,"
                            **旅行好伙伴，陪你一同冒險 玩樂全世界**Crumpled City Junior Map New York一個獨特、不會被破壞也不需要小心翼翼折收的地圖，特殊材質所製成，軟質、非常輕盈，重量僅21公克，且100%防水的設計，下雨時可當作遮雨墊，晴天可當做野餐墊，使用完可以隨手丟進背包內，設計上運用了巧妙的插圖，能在第一時間吸引目光之外，也能輕鬆的尋找到景點。列出旅人們不容錯過的地點，這些景點都是由”世界特派員”所蒐集而來的「Soulsights」推薦，讓這些地圖成為最新的旅遊工具，為你帶來與眾不同的旅行回憶！產品名稱：揉一揉 地圖 精華版主要用途：世界各城市地圖，除了可查詢該城市知名景點，其特殊類紙質設計可隨意揉折且100%防水。主要材質：塑膠類紙質外盒尺寸：15cm X 11.5cm X 1.5cm地圖尺寸：65.8cm X 56cm城市類別：柏林、倫敦、紐約、巴黎、阿姆斯特丹包裝內容：地圖產地/製造方式義大利
                        ",8009,"[{'id': 'Lin A Han', 'comment': '已經收到，謝謝～～', 'score': 5}, {'id': 'evelyn88', 'comment': '掛上牆壁更美！', 'score': 5}, {'id': 'Alex Lai', 'comment': 'Thx', 'score': 5}, {'id': 'Gary Huang', 'comment': '超級棒！有質感', 'score': 5}, {'id': 'ruthchan2018', 'comment': '商品品質很好, 非常滿意', 'score': 5}, {'id': 'choo', 'comment': '質感很好！很喜歡！', 'score': 5}, {'id': 'antsky123', 'comment': '運送快速', 'score': 5}, {'id': '林瑜庭', 'comment': '👍🏻👍🏻👍🏻', 'score': 5}, {'id': '湯芷寧', 'comment': '終於有自己的世界地圖了', 'score': 5}, {'id': 'Miya Huang', 'comment': '很喜歡商品的質感', 'score': 5}, {'id': '曾榆涵', 'comment': '用心的好賣家', 'score': 5}, {'id': 'janpei117', 'comment': '迅速的收到了！地圖質感很好，連室內設計師看到都大讚！', 'score': 5}, {'id': '小葉', 'comment': '出貨很快速', 'score': 4}, {'id': '歐橘子', 'comment': '很有質感', 'score': 5}, {'id': 'Joanna Cheng', 'comment': '質感很好，超喜歡的!!附標地點的針也很有創意!', 'score': 5}, {'id': 'Rene Tsai', 'comment': '速度很快，品質相當不錯:D', 'score': 5}, {'id': 'fb_100000223197146', 'comment': '超喜歡❤️', 'score': 5}, {'id': 'j94529', 'comment': '出貨速度快~', 'score': 5}, {'id': 'Eing Chen', 'comment': '品質很棒 出貨快', 'score': 5}, {'id': 'Zuo', 'comment': '收到商品囉!!有效率的賣家\r\n商品質感也很不錯:)', 'score': 5}]",cute
Palomar｜ 揉一揉地圖精華版 <巴黎>,348,地圖,紙,palomar,"
                            **旅行好伙伴，陪你一同冒險 玩樂全世界**Crumpled City Junior Map Paris一個獨特、不會被破壞也不需要小心翼翼折收的地圖，特殊材質所製成，軟質、非常輕盈，重量僅21公克，且100%防水的設計，下雨時可當作遮雨墊，晴天可當做野餐墊，使用完可以隨手丟進背包內，設計上運用了巧妙的插圖，能在第一時間吸引目光之外，也能輕鬆的尋找到景點。列出旅人們不容錯過的地點，這些景點都是由”世界特派員”所蒐集而來的「Soulsights」推薦，讓這些地圖成為最新的旅遊工具，為你帶來與眾不同的旅行回憶！產品名稱：揉一揉 地圖 精華版主要用途：世界各城市地圖，除了可查詢該城市知名景點，其特殊類紙質設計可隨意揉折且100%防水。主要材質：塑膠類紙質外盒尺寸：15cm X 11.5cm X 1.5cm地圖尺寸：65.8cm X 56cm城市類別：柏林、倫敦、紐約、巴黎、阿姆斯特丹包裝內容：地圖產地/製造方式義大利
                        ",6540,"[{'id': 'Titus Chan', 'comment': 'NICE', 'score': 5}, {'id': 'Lin A Han', 'comment': '已經收到，謝謝～～', 'score': 5}, {'id': 'evelyn88', 'comment': '掛上牆壁更美！', 'score': 5}, {'id': 'Alex Lai', 'comment': 'Thx', 'score': 5}, {'id': 'Gary Huang', 'comment': '超級棒！有質感', 'score': 5}, {'id': 'ruthchan2018', 'comment': '商品品質很好, 非常滿意', 'score': 5}, {'id': 'choo', 'comment': '質感很好！很喜歡！', 'score': 5}, {'id': 'antsky123', 'comment': '運送快速', 'score': 5}, {'id': '林瑜庭', 'comment': '👍🏻👍🏻👍🏻', 'score': 5}, {'id': '湯芷寧', 'comment': '終於有自己的世界地圖了', 'score': 5}, {'id': 'Miya Huang', 'comment': '很喜歡商品的質感', 'score': 5}, {'id': '曾榆涵', 'comment': '用心的好賣家', 'score': 5}, {'id': 'janpei117', 'comment': '迅速的收到了！地圖質感很好，連室內設計師看到都大讚！', 'score': 5}, {'id': '小葉', 'comment': '出貨很快速', 'score': 4}, {'id': '歐橘子', 'comment': '很有質感', 'score': 5}, {'id': 'Joanna Cheng', 'comment': '質感很好，超喜歡的!!附標地點的針也很有創意!', 'score': 5}, {'id': 'Rene Tsai', 'comment': '速度很快，品質相當不錯:D', 'score': 5}, {'id': 'fb_100000223197146', 'comment': '超喜歡❤️', 'score': 5}, {'id': 'j94529', 'comment': '出貨速度快~', 'score': 5}, {'id': 'Eing Chen', 'comment': '品質很棒 出貨快', 'score': 5}]",cute
Palomar｜揉一揉地圖精華版 <柏林>,348,地圖,紙,palomar,"
                            **旅行好伙伴，陪你一同冒險 玩樂全世界**Crumpled City Junior Map Berlin一個獨特、不會被破壞也不需要小心翼翼折收的地圖，特殊材質所製成，軟質、非常輕盈，重量僅21公克，且100%防水的設計，下雨時可當作遮雨墊，晴天可當做野餐墊，使用完可以隨手丟進背包內，設計上運用了巧妙的插圖，能在第一時間吸引目光之外，也能輕鬆的尋找到景點。列出旅人們不容錯過的地點，這些景點都是由”世界特派員”所蒐集而來的「Soulsights」推薦，讓這些地圖成為最新的旅遊工具，為你帶來與眾不同的旅行回憶！產品名稱：揉一揉 地圖 精華版主要用途：世界各城市地圖，除了可查詢該城市知名景點，其特殊類紙質設計可隨意揉折且100%防水。主要材質：塑膠類紙質外盒尺寸：15cm X 11.5cm X 1.5cm地圖尺寸：65.8cm X 56cm城市類別：柏林、倫敦、紐約、巴黎、阿姆斯特丹包裝內容：地圖產地/製造方式義大利
                        ",5497,"[{'id': 'Lin A Han', 'comment': '已經收到，謝謝～～', 'score': 5}, {'id': 'evelyn88', 'comment': '掛上牆壁更美！', 'score': 5}, {'id': 'Alex Lai', 'comment': 'Thx', 'score': 5}, {'id': 'Gary Huang', 'comment': '超級棒！有質感', 'score': 5}, {'id': 'ruthchan2018', 'comment': '商品品質很好, 非常滿意', 'score': 5}, {'id': 'choo', 'comment': '質感很好！很喜歡！', 'score': 5}, {'id': 'antsky123', 'comment': '運送快速', 'score': 5}, {'id': '林瑜庭', 'comment': '👍🏻👍🏻👍🏻', 'score': 5}, {'id': '湯芷寧', 'comment': '終於有自己的世界地圖了', 'score': 5}, {'id': 'Miya Huang', 'comment': '很喜歡商品的質感', 'score': 5}, {'id': '曾榆涵', 'comment': '用心的好賣家', 'score': 5}, {'id': 'janpei117', 'comment': '迅速的收到了！地圖質感很好，連室內設計師看到都大讚！', 'score': 5}, {'id': '小葉', 'comment': '出貨很快速', 'score': 4}, {'id': '歐橘子', 'comment': '很有質感', 'score': 5}, {'id': 'Joanna Cheng', 'comment': '質感很好，超喜歡的!!附標地點的針也很有創意!', 'score': 5}, {'id': 'Rene Tsai', 'comment': '速度很快，品質相當不錯:D', 'score': 5}, {'id': 'fb_100000223197146', 'comment': '超喜歡❤️', 'score': 5}, {'id': 'j94529', 'comment': '出貨速度快~', 'score': 5}, {'id': 'Eing Chen', 'comment': '品質很棒 出貨快', 'score': 5}, {'id': 'Zuo', 'comment': '收到商品囉!!有效率的賣家\r\n商品質感也很不錯:)', 'score': 5}]",cute
Globetrotting - 環遊世界明信片,110,地圖,防水材質,TRIVO,"
                            一張地圖 你可以標出自己所在的位置寄回家圈出遠方的友人送上問候也可畫下想去的地方當做宣誓或是簡簡單單當成牆上的一幅風景With a world map, you can point where you are and send it home; you can mark a friend far away and write him / her best wishes. You can also draw a flag on your target destination for the next trip; or simply see it as a scenery on your wall.Size: 145x218mmPaper: Stone paper / 防水石頭紙Color: Black 黑 / Golden 金 / Silver  銀*本產品採用環保石頭紙製成 , 耐用.防水.不傷手, 建議使用『油性筆』 或 『原子筆』書寫 .*Made of stone paper. Durable, waterproof and safe. Oily pen or ball pen suggested.
                        ",13054,"[{'id': 'Hsuan-Lu Lucy', 'comment': '設計很美我很喜歡\n但是如果明信片紙質可以再硬一些就更棒了喔 ：）', 'score': 5}, {'id': 'Jacky', 'comment': 'Great product!!! Highly recommended ;)', 'score': 5}, {'id': 'jatas520114', 'comment': '很精緻的明信片,謝謝^o^', 'score': 5}, {'id': 'Shu-Chen Chiu', 'comment': '明信片很讚！謝謝！', 'score': 4}, {'id': 'Shelly Chen', 'comment': '拿到貨了! 很有質感~馬上放一張在辦公桌前~呵', 'score': 5}, {'id': 'Chen Tzu-Li', 'comment': '很美', 'score': 5}, {'id': 'Nina.L', 'comment': '商品很棒很有質感~~', 'score': 5}, {'id': 'Yu-Tung Cheng', 'comment': '是很漂亮的紅色（好喜歡) \n包包不會很重，很有質感!\n包裝的很細心，寄送速度和訊息回覆也都很快速～\n超推薦的好賣家❤️', 'score': 5}, {'id': 'fatima', 'comment': '超快速的送貨速度+超讚的商品品質💕💕💕', 'score': 5}, {'id': 'Yi-Hsuan Hsieh', 'comment': '很精緻的旅行筆記喔！！', 'score': 5}, {'id': 'Berry Wang', 'comment': '商品質感跟圖片一樣好喔～很漂亮～～', 'score': 5}, {'id': 'hahaha318', 'comment': '喜歡❤️', 'score': 5}, {'id': 'Chien Chang', 'comment': '出貨快速服務也很好，期待新包包新生活～～😘', 'score': 5}, {'id': 'Yvonne Wang', 'comment': '出貨迅速', 'score': 5}, {'id': 'gracelavita', 'comment': '收到包裹後打開就是美好的體驗！感覺得到用心與精緻 : ) 期待帶小本子去北歐了！', 'score': 5}, {'id': 'May Yang', 'comment': '收到商品了，非常有質感', 'score': 4}, {'id': '鄺鈺婷', 'comment': '朋友很喜歡💓謝謝你💋', 'score': 5}, {'id': 'emily54712', 'comment': '很有質感', 'score': 5}, {'id': '劉世美', 'comment': '和想像的有點落差', 'score': 3}, {'id': '陳清揚', 'comment': '出貨快速😊😊', 'score': 5}]",minimal
原木木作迷你台灣鑰匙圈  - 胡桃木款,250,地圖,木頭,木城工坊,"
                            __商品名稱__: 木作迷你台灣 /胡桃木/鑰匙圈 __目前我們有提供加價購-客製化刻字服務喔!!!!讓我們一起製作獨一無二的禮物吧!!____傳送門:https://www.pinkoi.com/product/5oioq4rT?category=5__設計理念__:壯闊的山脈地形，山谷與河川自然交錯，形成這座島嶼，你有多久沒有看看自己天天生活的這塊土地。__說明__:原木一體成形雕刻製作，輔以手作細緻修磨。__貼心小叮嚀__:**天然原木木紋皆是獨一無二，儘管是相同的木種，但木紋及色澤皆是天然獨特的還是會有差異，無法指定或挑選，此外，商品顏色也許會因為電腦的些微色差，看起來不同，會以實際收到的物品為準，能接受的朋友們再下訂唷。**__材質__:原木(胡桃木)__尺寸__:高6CM(尺寸皆為人手測量，會有些許的誤差值)__包裝方式__:以夾鏈袋包裝吊飾，外層以泡泡紙包裝，保護鑰匙圈在運送途中，不會因為外力碰撞造成商品損壞，最後以超商紙盒或超商交貨便服務袋或快遞袋包裝。產地:台灣設計製造:木城工坊KIJO Studio另有木作迷你摩艾 巨石 復活島 Moai  鑰匙圈 飾品  -檜木款https://www.pinkoi.com/product/1jPVCJiY?category=3*********木城工坊活動正在熱烈進行中喔******************原木木製 手機架 手機座 檜木(12CM) 買四送一想多買幾個送給朋友或是自己用的朋友們，絕對不能錯過!!!!!!喜愛團購的朋友們，絕對不能錯過，快來看看吧!!!!^_____^傳送門在這邊  https://www.pinkoi.com/product/q0Mc5jPh產地/製造方式產地台灣 手工製作
                        ",4470,"[{'id': 'Patty Hsieh', 'comment': '感謝~有收到了！真的很美~也有一股淡淡的木頭味道，很棒', 'score': 5}, {'id': 'Lienpei Tung', 'comment': '出貨速度快,很有質感的商品喔~~', 'score': 5}, {'id': '銀兒', 'comment': '質感超好，而且服務超棒！下次一點再回購的好地方❤️', 'score': 5}, {'id': 'Chi Chien Grace Cheng', 'comment': '出貨快速，給朋友店當名片架', 'score': 5}, {'id': 'kenny61393', 'comment': '效率高', 'score': 5}, {'id': '曾欣儀', 'comment': '超讚的品質及出貨速度', 'score': 5}, {'id': 'q790211', 'comment': '事先討論、客製化非常用心，喜歡\r\nhttps://cdn03.pinkoi.com/pinkoi.review/kijo-studio/YnagQJqG.jpg', 'score': 5}, {'id': '曾欣儀', 'comment': '出貨速度讚👍', 'score': 5}, {'id': 'ykk', 'comment': '商品很棒！！外國朋友很喜歡\r\n而且還可以加購客製化的刻字\r\n自己時間很急，賣家很耐心的在時間內幫我把貨寄到\r\n非常感謝！！', 'score': 5}, {'id': '凃依彣', 'comment': '朋友很喜歡 謝謝^^', 'score': 5}, {'id': 'Angie Tsao', 'comment': 'Good', 'score': 5}, {'id': 'sherry092583', 'comment': '設計師回覆、出貨都很迅速\n非常用心喔！也很滿意！\r\nhttps://cdn03.pinkoi.com/pinkoi.review/kijo-studio/jArhGucf.jpg', 'score': 5}, {'id': '蔡伊軒', 'comment': 'Wonderful', 'score': 5}, {'id': 'Amber', 'comment': '出貨速度很快👍🏻\r\n商品本身也很有質感呦✌🏻️\r\nhttps://cdn03.pinkoi.com/pinkoi.review/kijo-studio/85zUp4mA.jpg', 'score': 5}, {'id': 'Samantha Peng', 'comment': '味道很棒~商品出貨速度也很快~\n設計師很用心，謝謝~', 'score': 5}, {'id': 'Odette', 'comment': '非常有質感，設計師非常有效率💪', 'score': 5}, {'id': '寧靜兒', 'comment': '購買第4個了，品質一樣好❤️\r\nhttps://cdn03.pinkoi.com/pinkoi.review/kijo-studio/8BmhfUGD.jpg', 'score': 5}, {'id': '寧靜兒', 'comment': '商品品質超好🎉', 'score': 5}, {'id': 'a269959', 'comment': '購物以來碰到過最好的賣家，一定會再回購的\n謝謝你們的耐心回答以及有責任的處理態度，很棒的賣家呦！', 'score': 5}, {'id': '蔡伊軒', 'comment': '很棒！！', 'score': 5}]",minimal
原木木作 台灣造型紙鎮 - 胡桃木款,780,地圖,木頭,木城工坊,"
                            __商品名稱__: 原木木作 台灣/ 造型擺飾/ 紙鎮 __設計理念__:在充滿春天氣息的日子裡，來替書桌添點新的小物吧!!!!!木城工坊所推出的原木木作-台灣紙鎮，不但可以讓桌上亂飛的紙張擺放整齊，還可以看到台灣美麗的山脈形狀。在一成不變的生活，加點生活的創意^__^__說明__:原木一體成形雕刻製作，輔以手作細緻修磨。__貼心小叮嚀__:**天然原木木紋皆是獨一無二，儘管是相同的木種，但木紋及色澤皆是天然獨特的還是會有差異，無法指定或挑選，此外，商品顏色也許會因為電腦的些微色差，看起來不同，會以實際收到的物品為準，能接受的朋友們再下訂唷。**__材質__:原木(胡桃木)__尺寸__: 長14 cm 寬9cm  高2.5cm(尺寸皆為人手測量，會有些許的誤差值)產地:台灣設計製造:木城工坊KIJO Studio*********木城工坊活動正在熱烈進行中喔******************原木木製 手機架 手機座 檜木(12CM) 買四送一想多買幾個送給朋友或是自己用的朋友們，絕對不能錯過!!!!!!喜愛團購的朋友們，絕對不能錯過，快來看看吧!!!!^_____^傳送門在這邊  https://www.pinkoi.com/product/q0Mc5jPh產地/製造方式產地台灣 手工製作
                        ",5532,"[{'id': 'Patty Hsieh', 'comment': '感謝~有收到了！真的很美~也有一股淡淡的木頭味道，很棒', 'score': 5}, {'id': 'Ej Lin', 'comment': '樟木很香，寄送速度很快，有了它之後，從此不會找不到眼鏡了XD', 'score': 5}, {'id': '劉艾比', 'comment': '收到囉有檜木的味道好新奇😍', 'score': 5}, {'id': 'Cloud Yang', 'comment': '很精緻，我想我的朋友一定會喜歡的^^', 'score': 5}, {'id': '淚如櫻', 'comment': '很棒的商品^^謝謝!', 'score': 5}, {'id': 'Chiao Hsi Tang', 'comment': '謝謝！', 'score': 5}, {'id': '郭千寧', 'comment': '很有質感', 'score': 5}, {'id': '顏秋樺', 'comment': '出貨速度快，有木頭的香味，很棒，謝謝', 'score': 5}, {'id': 'Lily Lee', 'comment': '質感很好，喜歡！', 'score': 5}, {'id': 'SH*', 'comment': '簡約好用，很喜歡', 'score': 5}, {'id': 'Katteris  Charon', 'comment': '起可愛的，很喜歡', 'score': 5}, {'id': 'Yu Chun Chan', 'comment': '雖然有點小 但很可愛❤', 'score': 5}, {'id': 'Yi Shiuan Liang', 'comment': '質感超棒很喜歡💕💕💕', 'score': 5}, {'id': 'Lee Cheng Tao', 'comment': '雖然木紋跟想像中有點差距不過質感不錯', 'score': 5}, {'id': 'smjh981620', 'comment': '很可愛也很精緻~有檜木的味道<3', 'score': 5}, {'id': 'Yi Shiuan Liang', 'comment': '質感很不錯很喜歡💕', 'score': 5}, {'id': '趙米亞', 'comment': '很香的手機座跟杯墊唷\r\nhttps://cdn03.pinkoi.com/pinkoi.review/kijo-studio/PMqfz6AM.jpg', 'score': 5}, {'id': 'Teryia', 'comment': '摩艾很可愛，謝謝❤', 'score': 5}, {'id': 'lan0609', 'comment': '質感很好喔', 'score': 5}, {'id': 'anitatsai8010', 'comment': '樸實簡單的設計～喜歡❤️重點是還可以送外島好方便😂😂😂\r\nhttps://cdn03.pinkoi.com/pinkoi.review/kijo-studio/Y5xgcBrb.jpg', 'score': 5}]",minimal
title,price,category,material,brand,description,view_count,comments,style
布地圖 ☜環島旅行布地圖,300,地圖,棉．麻,木子創意,"
                            https://i.imgur.com/jLtUSNf.jpg☜台灣環島旅行布地圖（紅色款）附木質陀螺/布包裝袋製造方式:三色網版水性膠印,非直噴  (耐水,抗曬,不退色)尺寸：73x73cm材質：布製造：台灣×附註×本產品無修邊，為保留圖面布料平整，使用後會有脫線狀況，可用剪刀修飾。產地Made in Taiwan.
                        ",2696,"[{'id': 'avoid214038', 'comment': '收到真開心！是個很棒的禮物！', 'score': 5}, {'id': 'milemile', 'comment': '很用心的包裝 …很別緻的商品 ，很滿意 ！', 'score': 5}, {'id': 'Bibi Ou', 'comment': '質感很好喔', 'score': 5}, {'id': ""Huang Yu' Chen"", 'comment': '速度快', 'score': 5}, {'id': '林欣穎', 'comment': '收到了，很喜歡！', 'score': 5}, {'id': 'Âng Ek Sim', 'comment': '謝謝！喜歡！', 'score': 5}, {'id': 'yuchuia78', 'comment': '讚！', 'score': 5}, {'id': 'Han', 'comment': '喜歡😊', 'score': 5}, {'id': 'Mavis Yang', 'comment': '環島專用很棒喔：）\r\nhttps://cdn03.pinkoi.com/pinkoi.review/muzi-art/wn7qegKs.jpg', 'score': 5}, {'id': 'celiachen', 'comment': '東西超級棒，速度也很快，更貼心地是額外收到小禮物，覺得很開心！請繼續為發揚光大台灣努力！', 'score': 5}, {'id': 'Enoch  Flower', 'comment': '很喜歡 出貨速度也很快', 'score': 5}, {'id': 'gracie31', 'comment': '👍🏼', 'score': 5}, {'id': '潘怡平', 'comment': '出貨超迅速!!!老花磚超美!!!', 'score': 5}, {'id': 'tabisuzume', 'comment': 'Everything is so cute! Thank you!', 'score': 5}, {'id': 'Andrea Chen', 'comment': '刺繡很精工，👍！', 'score': 5}, {'id': 'Eva Hsieh', 'comment': '品質非常好、謝謝。', 'score': 5}, {'id': 'akiko9172', 'comment': 'I received the item yesterday.\r\nWe responded promptly, we could trade very comfortably.\r\nI liked the product very much (*^^*)\r\nI&#39;m also happy to postcard enclosed ♡\r\nThank you (*^^*)', 'score': 5}, {'id': 'jumping', 'comment': '杯熱很美啊!! 出貨速度也很快^^', 'score': 5}, {'id': 'Winnie Tso', 'comment': '圖案很美~', 'score': 5}, {'id': 'TingHui Tsai', 'comment': '品質不錯', 'score': 5}]",neutral
"indigo-indimap 環遊世界-世界地圖海報(改版-單張)-01古董版 (限宅配),IDG70336",417,地圖,紙,dessin,"
                            / **運送及注意事項** /因體積關係__無法超商取貨__,只能用**宅配**寄出唷.新改版外包裝為硬紙海報盒設計,地圖捲起收納,運送時我們會再包覆氣泡保護,但運送過程難免有壓損,**此為外包裝不影響內容物功能,非屬商品瑕疵**,請您訂購前須考量此點,敬請見諒。**indimap 環遊世界世界地圖海報-改版單張版**●新改版-世界地圖海報(單張版),6種設計,6種不同氛圍●每張地圖尺寸為91x55.5cm●英文設計,方便各國人士使用●每組單入,單張紙地圖設計●海報收納硬紙盒外包裝/ **商品說明及故事** /近幾年國內外掀起一股旅遊風潮。可互動功能性世界地圖單張海報,絕對超值超實用。背包客紀錄旅程,公司在世界各國設立據點的最佳標記好幫手。也是indigo韓國當地暢銷熱賣的設計海報。全新改版,外包裝和也升級,單張海報是店家/居家氛圍加分好幫手。環遊世界的夢想就從世界地圖海報開始計畫吧，GO!/ **產品說明** /共有6種樣式設計,每種皆有不同特色,請至各商品頁面選購。**01 古董版**-古地圖加上浪漫巴洛克風格**02 粉彩版**-以粉彩柔和色調適合拿來布置在孩子們的房間**03 著色版**-邊著色邊認識世界各地！水彩也可上色唷**04 科幻版**-paper world map 為雷射字體炫光效果,搭配銀色地圖輪廓線**05 原色版**-牛皮紙原色材質加上深咖啡色輪廓線,完美呈現古老地圖**06 夜光版 -讓地圖越夜越美麗,讓夢想發光(**需要光源照射2小時以上**)**每組單張入(無示範中的貼紙或其他配件)**,單張紙地圖,外有硬海報紙盒包裝。/ 商品尺寸(cm) / 91x55.5/ 包裝尺寸(cm) / 59x6x6/ 重量(g) /220/ 材質 / 紙,塑料/ 品牌國別 /韓國/ 設計師及品牌簡介 / Indigo-韓國文創品牌https://c1.staticflickr.com/5/4184/34380475916_3c3b0cf7f9_o.jpg產地/製造方式韓國<<**單張-世界地圖海報各款明細頁面如下**>>https://www.pinkoi.com/product/TU27Rwkh?category=5 (單張-01古董版)https://www.pinkoi.com/product/mCm8jyOo?category=5 (單張-02粉彩版)https://www.pinkoi.com/product/qtaV57oV?category=5 (單張-03著色版)https://www.pinkoi.com/product/nr2lgaWY?category=5 (單張-04科幻版)https://www.pinkoi.com/product/pJR7jwKW?category=9 (單張-05原色版)https://www.pinkoi.com/product/jqmI75JU?category=5 (單張-06夜光版)https://s-media-cache-ak0.pinimg.com/originals/7e/6f/8e/7e6f8e208727fa52a9c2f46d4ec56f4d.gifhttps://s-media-cache-ak0.pinimg.com/originals/91/e0/e0/91e0e0633d796704a5f6b27d820257da.gif產地/製造方式韓國
                        ",12685,"[{'id': 'Annie Jwo', 'comment': '寄送速度快，質感優，很喜歡，謝謝。', 'score': 4}, {'id': '李草兒', 'comment': '朋友很喜歡', 'score': 5}, {'id': 'yanagizome150199', 'comment': '寄貨速度快，但收到貨的時候沒有包泡泡紙，所以盒子有損壞，宅配的塑膠包裝上沒有看到破損所以是盒子本身的問題? 希望以後寄出前再檢查一遍 商品整體普通。', 'score': 3}, {'id': '廖子琳', 'comment': '寄件速度快，商品質感也很好', 'score': 5}, {'id': '邱紅萍', 'comment': '超棒超喜歡的～當禮物剛剛好！', 'score': 5}, {'id': 'eva19890427', 'comment': '滿意～', 'score': 5}, {'id': '邱紅萍', 'comment': '地圖好有質感～非常棒！', 'score': 5}, {'id': '游香香', 'comment': '很棒的', 'score': 5}, {'id': '姚樂樂', 'comment': '商品真的很棒，我買的是古地圖版非常的漂亮！', 'score': 5}, {'id': 'Sonia Cheng', 'comment': '出貨很快，貨品質量也很高，值得推薦！', 'score': 5}, {'id': 'Tzu Chang', 'comment': '很漂亮，很喜歡\n', 'score': 5}, {'id': 'mp6qo464', 'comment': '實品好美麗！\n出貨速度超快的好賣家\r\nhttps://cdn03.pinkoi.com/pinkoi.review/dessin/Z3kduEb6.jpg', 'score': 5}, {'id': 'happiness1110', 'comment': '很漂亮', 'score': 5}, {'id': 'Jane Huang', 'comment': '好設計', 'score': 5}, {'id': 'Winni Lee', 'comment': '送貨速度很快', 'score': 5}, {'id': 'ABBY', 'comment': '很快速就收到商品了，因為禮物是當作聖誕節的交換禮物所以沒有親自看到拆開來的樣子\r\n，但照片看起來非常漂亮！朋友收到禮物後也非常喜歡喔！', 'score': 5}, {'id': '林小嗶', 'comment': '超棒', 'score': 5}, {'id': 'Chester Ho', 'comment': '優質賣家，有問有答，發貨迅速，良好包裝。', 'score': 5}, {'id': '沙珮琦', 'comment': '好美', 'score': 5}, {'id': '蔣艾棋', 'comment': '很漂亮', 'score': 5}]",vintage
"indigo-indimap 環遊世界世界地圖海報(改版-雙層)-04探險棕版(限宅配),IDG70251",595,地圖,塑膠,dessin,"
                            / **運送及注意事項** /因體積關係__無法超商取貨__,只能用**宅配**寄出唷.新改版外包裝為硬紙海報盒設計,地圖捲起收納,運送時我們會再包覆氣泡保護,但運送過程難免有壓損,**此為外包裝不影響內容物功能,非屬商品瑕疵**,請您訂購前須考量此點,敬請見諒。**indimap 環遊世界世界地圖海報-改版雙層版(PVC地圖+紙地圖)**●新改版世界地圖海報-雙層設計,功能實用性海報●底層為紙地圖有特殊塗層,不易撕裂●上層為PVC透明地圖防水材質-可裝飾填寫●新設計專用硬式海報紙盒/ **商品說明及故事** /近幾年國內外掀起一股旅遊風潮,雙層海報可重複使用,可互動功能性世界地圖海報,超值超實用,背包客紀錄旅程,公司在世界各國設立據點的最佳標記好幫手,indigo韓國暢銷熱賣的設計海報新改版,共有7款設計,請至各頁面選購。/ **產品說明** /以下共有7款主題-世界地圖可供挑選,請至各頁面選購。**01古董版(antique)**-質感古典復古風格設計,典雅花卉來襯托復古風,利用紙質紋理來呈現仿古的古老地圖。**02粉彩版(pastel)**-以粉彩柔和色調呈現世界各地,豐富色彩較能吸引小朋友目光,拿來布置在孩子們的房間也可順便達成寓教於樂的目的。**03復古版(Retro)**-此款利用紙質的紋理來呈現出復古式老地圖風格。**04探險棕版(vintage)**-vintage探險棕復古色調搭配燙金線條,充滿遠古航海探險氛圍。**05彩色版(colorful)**-柔和的色調適合親子房或是溫馨的配色使用,讓旅行充滿繽紛。**06深藍版(indigo)**-深藍版,簡約低調的奢華質感,適合工業風,個性設計搭配。**07薄荷綠版(mint)**-mint薄荷綠,適合文青風的淡雅氛圍,用你的旅行記錄讓地圖更精彩。【**內容物**】：__彩色紙地圖x1(91x55.5cm)+PVC透明地圖x1(93x52cm)+裝飾貼8大張(每一大張10.5x12cm，透明亮面貼x4+霧面貼x4)+雙面果凍圓貼x8(2.8x2.8cm)__。**貼紙用透明自黏袋包裝成一包,因寬度較紙盒寬,會卡在紙盒內,可以用力甩一下,就會掉出唷**彩色紙地圖背面上一層特殊亮面塗層,讓地圖更強韌不易撕裂。PVC透明地圖防水材質,蓋在彩色海報外層,可維護地圖清潔好擦拭,讓地圖可以重複使用,還有古典燙金線條、字樣。外有專門設計的硬式海報收納紙盒包裝。貼紙有圖形/地標/標記/裝飾貼等,任何國家人士都很方式搭配使用**/雙面果凍圓貼使用說明/**可自行替換成紙膠帶或黏土等可重覆撕除,不破壞壁面之材質**附贈的雙面果凍紅色圓貼,為一般雙面貼,若要保護壁面請自行更換可重覆黏貼,或不破壞壁面材質的黏貼物唷**https://c1.staticflickr.com/5/4171/33611877933_6940aef59e_o.jpg**注意事項****貼紙用透明自黏袋包裝成一包,因寬度較紙盒寬,會卡在紙盒內,可以用力甩一下,就會掉出唷**外包裝紙盒,運送過程中可能有凹損,這非屬瑕疵,可接受此狀況再訂購唷。此款體積超過超商取貨限制,只限宅配唷。/ 商品尺寸(cm) / 91x55.5(展開)/ 包裝尺寸(cm) / 59x6x6/ 重量(g) /360/ 材質 / PVC,橡膠/ 品牌國別 /韓國/ 設計師及品牌簡介 / Indigo-韓國文創品牌產地/製造方式 韓國https://c1.staticflickr.com/5/4165/34037250880_41b7c53eda_o.jpg**(改版)indimap 環遊世界世界地圖海報(雙層)：(PVC地圖+紙地圖)**https://www.pinkoi.com/product/R0F9Gj4i?category=5 (01古董版-antique)https://www.pinkoi.com/product/yvT1aW81?category=5 (02粉彩版-pastel)https://www.pinkoi.com/product/j9FCz5Xs?category=5 (03復古版-Retro)https://www.pinkoi.com/product/w2d7jzTs?category=5 (04探險棕版-vintage)https://www.pinkoi.com/product/walcdIQE?category=5 (05彩色版-colorful)https://www.pinkoi.com/product/tdykIYzM?category=5 (06深藍版-indigo)https://www.pinkoi.com/product/naKoaZMx?category=5 (07薄荷綠版-mint)https://s-media-cache-ak0.pinimg.com/originals/7e/6f/8e/7e6f8e208727fa52a9c2f46d4ec56f4d.gifhttps://s-media-cache-ak0.pinimg.com/originals/91/e0/e0/91e0e0633d796704a5f6b27d820257da.gif
                        ",12743,"[{'id': 'Chai Tzu Shen', 'comment': '收到囉～～喜歡', 'score': 5}, {'id': 'A-bao Chang', 'comment': '送給朋友做生日禮物，給愛旅遊的她當作旅遊藏寶圖^^\r\n質感很好~非常喜歡!!', 'score': 5}, {'id': 'Stacey Huang', 'comment': 'Good', 'score': 5}, {'id': 'Emily Kao', 'comment': '很喜歡哦!!!!!', 'score': 5}, {'id': '陳聖翔', 'comment': '品質讚唷\n\r\nhttps://cdn03.pinkoi.com/pinkoi.review/dessin/2HgjSy6E.jpg', 'score': 5}, {'id': 'idoidreamsun', 'comment': '發貨速度快 謝謝賣家', 'score': 4}, {'id': 'uni19929', 'comment': '出貨速度快，商品質感佳～很喜歡～', 'score': 5}, {'id': 'cocosnowman', 'comment': '已貨品已收到，很美。', 'score': 5}, {'id': 'trouble0627', 'comment': '出貨速度很快，商品品質很好!', 'score': 5}, {'id': 'Jeff Chang', 'comment': '實物很漂亮。可以記錄所到之處、充滿紀念價值的回憶。', 'score': 5}, {'id': 'Ting Ting M', 'comment': '讚', 'score': 5}, {'id': '至至', 'comment': '很好☀', 'score': 5}, {'id': '簡利宴', 'comment': '讚讚\r\nhttps://cdn03.pinkoi.com/pinkoi.review/dessin/9Y4QAB72.jpg', 'score': 5}, {'id': 'Kai Sheng Cheng', 'comment': '收到了，很滿意，謝謝', 'score': 5}, {'id': 'catmico29', 'comment': '好喜歡：）', 'score': 5}, {'id': 'tzufish', 'comment': '朋友收到了很喜歡❤️', 'score': 5}, {'id': 'Hsiu Chuan Lin', 'comment': '出貨快速!!!', 'score': 5}, {'id': '劉孟筑', 'comment': '太喜歡了～謝謝您', 'score': 5}, {'id': 'leah1989125', 'comment': '商品包裝得很好，只是外箱有輕微的碰撞凹痕，但不太影響裡面的品質\r\n出貨的速度超快~感謝賣家', 'score': 5}, {'id': '楊子慶', 'comment': '地圖很精美很棒！！', 'score': 5}]",vintage
"indigo-indimap 環遊世界世界地圖海報(改版-雙層)-07薄荷綠版(限宅配),IDG70282",595,地圖,塑膠,dessin,"
                            / **運送及注意事項** /因體積關係__無法超商取貨__,只能用**宅配**寄出唷.新改版外包裝為硬紙海報盒設計,地圖捲起收納,運送時我們會再包覆氣泡保護,但運送過程難免有壓損,**此為外包裝不影響內容物功能,非屬商品瑕疵**,請您訂購前須考量此點,敬請見諒。**indimap 環遊世界世界地圖海報-改版雙層版(PVC地圖+紙地圖)**●新改版世界地圖海報-雙層設計,功能實用性海報●底層為紙地圖有特殊塗層,不易撕裂●上層為PVC透明地圖防水材質-可裝飾填寫●新設計專用硬式海報紙盒/ **商品說明及故事** /近幾年國內外掀起一股旅遊風潮,雙層海報可重複使用,可互動功能性世界地圖海報,超值超實用,背包客紀錄旅程,公司在世界各國設立據點的最佳標記好幫手,indigo韓國暢銷熱賣的設計海報新改版,共有7款設計,請至各頁面選購。/ **產品說明** /以下共有7款主題-世界地圖可供挑選,請至各頁面選購。**01古董版(antique)**-質感古典復古風格設計,典雅花卉來襯托復古風,利用紙質紋理來呈現仿古的古老地圖。**02粉彩版(pastel)**-以粉彩柔和色調呈現世界各地,豐富色彩較能吸引小朋友目光,拿來布置在孩子們的房間也可順便達成寓教於樂的目的。**03復古版(Retro)**-此款利用紙質的紋理來呈現出復古式老地圖風格。**04探險棕版(vintage)**-vintage探險棕復古色調搭配燙金線條,充滿遠古航海探險氛圍。**05彩色版(colorful)**-柔和的色調適合親子房或是溫馨的配色使用,讓旅行充滿繽紛。**06深藍版(indigo)**-深藍版,簡約低調的奢華質感,適合工業風,個性設計搭配。**07薄荷綠版(mint)**-mint薄荷綠,適合文青風的淡雅氛圍,用你的旅行記錄讓地圖更精彩。【**內容物**】：__彩色紙地圖x1(91x55.5cm)+PVC透明地圖x1(93x52cm)+裝飾貼8大張(每一大張10.5x12cm，透明亮面貼x4+霧面貼x4)+雙面果凍圓貼x8(2.8x2.8cm)__。**貼紙用透明自黏袋包裝成一包,因寬度較紙盒寬,會卡在紙盒內,可以用力甩一下,就會掉出唷**彩色紙地圖背面上一層特殊亮面塗層,讓地圖更強韌不易撕裂。PVC透明地圖防水材質,蓋在彩色海報外層,可維護地圖清潔好擦拭,讓地圖可以重複使用,還有古典燙金線條、字樣。外有專門設計的硬式海報收納紙盒包裝。貼紙有圖形/地標/標記/裝飾貼等,任何國家人士都很方式搭配使用**/雙面果凍圓貼使用說明/**可自行替換成紙膠帶或黏土等可重覆撕除,不破壞壁面之材質**附贈的雙面果凍紅色圓貼,為一般雙面貼,若要保護壁面請自行更換可重覆黏貼,或不破壞壁面材質的黏貼物唷**https://c1.staticflickr.com/5/4171/33611877933_6940aef59e_o.jpg**注意事項****貼紙用透明自黏袋包裝成一包,因寬度較紙盒寬,會卡在紙盒內,可以用力甩一下,就會掉出唷**外包裝紙盒,運送過程中可能有凹損,這非屬瑕疵,可接受此狀況再訂購唷。此款體積超過超商取貨限制,只限宅配唷。/ 商品尺寸(cm) / 91x55.5(展開)/ 包裝尺寸(cm) / 59x6x6/ 重量(g) /360/ 材質 / PVC,橡膠/ 品牌國別 /韓國/ 設計師及品牌簡介 / Indigo-韓國文創品牌產地/製造方式 韓國https://c1.staticflickr.com/5/4165/34037250880_41b7c53eda_o.jpg**(改版)indimap 環遊世界世界地圖海報(雙層)：(PVC地圖+紙地圖)**https://www.pinkoi.com/product/R0F9Gj4i?category=5 (01古董版-antique)https://www.pinkoi.com/product/yvT1aW81?category=5 (02粉彩版-pastel)https://www.pinkoi.com/product/j9FCz5Xs?category=5 (03復古版-Retro)https://www.pinkoi.com/product/w2d7jzTs?category=5 (04探險棕版-vintage)https://www.pinkoi.com/product/walcdIQE?category=5 (05彩色版-colorful)https://www.pinkoi.com/product/tdykIYzM?category=5 (06深藍版-indigo)https://www.pinkoi.com/product/naKoaZMx?category=5 (07薄荷綠版-mint)https://s-media-cache-ak0.pinimg.com/originals/7e/6f/8e/7e6f8e208727fa52a9c2f46d4ec56f4d.gifhttps://s-media-cache-ak0.pinimg.com/originals/91/e0/e0/91e0e0633d796704a5f6b27d820257da.gif
                        ",14709,"[{'id': '陳 姿穎', 'comment': '貼紙美美的', 'score': 5}, {'id': 'sunnypower09', 'comment': '出貨很迅速', 'score': 5}, {'id': '許君綾', 'comment': '出貨速度超快～商品精美☺️', 'score': 5}, {'id': 'Ming Kuei Chan', 'comment': '朋友收到很滿意', 'score': 5}, {'id': '高禾精品 KaoHo', 'comment': '品質好！', 'score': 5}, {'id': 'Zank HO', 'comment': '速度快', 'score': 5}, {'id': '康蘋菓', 'comment': '棒棒～很美', 'score': 5}, {'id': 'yuri130509', 'comment': '出貨速度超快！非常喜歡！', 'score': 5}, {'id': 'yuyu1551', 'comment': '出貨速度很快！', 'score': 5}, {'id': 'Erin Lu', 'comment': '朋友收到了非常喜歡！質感也很好😍也謝謝設計師抽空迅速的回覆我的問題~', 'score': 5}, {'id': 'Tina Tseng', 'comment': '質感很好 很喜歡', 'score': 5}, {'id': 'Tang Yan Shan', 'comment': '質感很好', 'score': 5}, {'id': '徐郁文', 'comment': '速度很快，謝謝', 'score': 5}, {'id': '李詩苗', 'comment': '送貨速度很快！', 'score': 5}, {'id': 'jody2704', 'comment': '出貨速度優，商品的質感也很優，謝謝❤', 'score': 5}, {'id': 'lisa19991124', 'comment': '商品很美 賣家人很好💓', 'score': 5}, {'id': '沈逸欣', 'comment': '實體很漂亮!出貨很迅速', 'score': 5}, {'id': '林偉駿', 'comment': '出貨速度很快', 'score': 5}, {'id': 'Huang Miumi', 'comment': '出貨速度很快 謝謝', 'score': 5}, {'id': '陳幸均', 'comment': '出貨速度很快~', 'score': 5}]",vintage
"indigo-indimap 環遊世界-世界地圖海報(改版-單張)-05原色版 (限宅配),IDG70374",417,地圖,紙,dessin,"
                            / **運送及注意事項** /因體積關係__無法超商取貨__,只能用**宅配**寄出唷.新改版外包裝為硬紙海報盒設計,地圖捲起收納,運送時我們會再包覆氣泡保護,但運送過程難免有壓損,**此為外包裝不影響內容物功能,非屬商品瑕疵**,請您訂購前須考量此點,敬請見諒。**indimap 環遊世界世界地圖海報-改版單張版**●新改版-世界地圖海報(單張版),6種設計,6種不同氛圍●每張地圖尺寸為91x55.5cm●英文設計,方便各國人士使用●每組單入,單張紙地圖設計●海報收納硬紙盒外包裝/ **商品說明及故事** /近幾年國內外掀起一股旅遊風潮。可互動功能性世界地圖單張海報,絕對超值超實用。背包客紀錄旅程,公司在世界各國設立據點的最佳標記好幫手。也是indigo韓國當地暢銷熱賣的設計海報。全新改版,外包裝和也升級,單張海報是店家/居家氛圍加分好幫手。環遊世界的夢想就從世界地圖海報開始計畫吧，GO!/ **產品說明** /共有6種樣式設計,每種皆有不同特色,請至各商品頁面選購。**01 古董版**-古地圖加上浪漫巴洛克風格**02 粉彩版**-以粉彩柔和色調適合拿來布置在孩子們的房間**03 著色版**-邊著色邊認識世界各地！水彩也可上色唷**04 科幻版**-paper world map 為雷射字體炫光效果,搭配銀色地圖輪廓線**05 原色版**-牛皮紙原色材質加上深咖啡色輪廓線,完美呈現古老地圖**06 夜光版 -讓地圖越夜越美麗,讓夢想發光(**需要光源照射2小時以上**)**每組單張入(無示範中的貼紙或其他配件)**,單張紙地圖,外有硬海報紙盒包裝。/ 商品尺寸(cm) / 91x55.5/ 包裝尺寸(cm) / 59x6x6/ 重量(g) /220/ 材質 / 紙,塑料/ 品牌國別 /韓國/ 設計師及品牌簡介 / Indigo-韓國文創品牌https://c1.staticflickr.com/5/4184/34380475916_3c3b0cf7f9_o.jpg產地/製造方式韓國<<**單張-世界地圖海報各款明細頁面如下**>>https://www.pinkoi.com/product/TU27Rwkh?category=5 (單張-01古董版)https://www.pinkoi.com/product/mCm8jyOo?category=5 (單張-02粉彩版)https://www.pinkoi.com/product/qtaV57oV?category=5 (單張-03著色版)https://www.pinkoi.com/product/nr2lgaWY?category=5 (單張-04科幻版)https://www.pinkoi.com/product/pJR7jwKW?category=9 (單張-05原色版)https://www.pinkoi.com/product/jqmI75JU?category=5 (單張-06夜光版)https://s-media-cache-ak0.pinimg.com/originals/7e/6f/8e/7e6f8e208727fa52a9c2f46d4ec56f4d.gifhttps://s-media-cache-ak0.pinimg.com/originals/91/e0/e0/91e0e0633d796704a5f6b27d820257da.gif產地/製造方式韓國
                        ",7609,"[{'id': '陳彥樵', 'comment': '抱歉，回晚了。海報的樣式確實很喜歡，坐在桌前常常不自覺地被吸引認識各國位置，期待您們繼續推出好東西。', 'score': 5}, {'id': '吳冠廷', 'comment': '水哦', 'score': 5}, {'id': '孫靜婷', 'comment': '很讚的出貨速度 很美的商品', 'score': 5}, {'id': 'Yilin Ng', 'comment': '紙比想像中的還薄', 'score': 3}, {'id': '高敏修', 'comment': '速度很快，商品很有質感!!\r\nhttps://cdn03.pinkoi.com/pinkoi.review/dessin/rUpkbDHm.jpg', 'score': 5}, {'id': 'Wang Jo-Ning', 'comment': '很美呢', 'score': 5}, {'id': '陳宥伶', 'comment': '顏色超級美！非常有質感👍🏻\r\nhttps://cdn03.pinkoi.com/pinkoi.review/dessin/uWpVUBfu.jpg', 'score': 5}, {'id': '黃婷翊', 'comment': '用了後不用擔心皮夾掉落', 'score': 5}, {'id': 'Jasmine Chou', 'comment': '質感比想像中好，插圖很可愛，特別是封面的圖案~\r\n之前一直想找月計畫和週計畫在一起的手帳，這本很符合需求!', 'score': 5}, {'id': 'Han Liu', 'comment': '感謝賣家的貼心服務，像小說一樣有質感的年曆\r\nhttps://cdn03.pinkoi.com/pinkoi.review/dessin/HWYRySzf.jpg', 'score': 5}, {'id': '邱馨誼', 'comment': '質感還可以拉鍊\r\nhttps://cdn03.pinkoi.com/pinkoi.review/dessin/guWEKHCC.jpg', 'score': 5}, {'id': 'Yi-yun Cheng', 'comment': '優質好賣家！產品品質很好！', 'score': 5}, {'id': 'omo', 'comment': '👍🏻👍🏻', 'score': 5}, {'id': '李葶葶', 'comment': '👍🏻👍🏻👍🏻', 'score': 5}, {'id': 'Molly', 'comment': '很讚！出貨很快', 'score': 5}, {'id': 'onlyoneilu', 'comment': '品質很好😙😙😙', 'score': 5}, {'id': 'tinny24024', 'comment': '有質感，無色差！', 'score': 5}, {'id': 'nai wei', 'comment': '花色很美，貨很快就到了', 'score': 5}, {'id': '魯芯奇', 'comment': '材質很好 比想像中大！', 'score': 4}, {'id': 'vea', 'comment': '可愛~', 'score': 5}]",vintage
台灣古地名☜【牛仔布褂/圍裙/前掛】,600,地圖,棉．麻,木子創意,"
                            https://i.imgur.com/ryrEXsq.pnghttps://i.imgur.com/PoUVf9s.pnghttps://i.imgur.com/JLhQ5sv.jpghttps://i.imgur.com/C4W3Bm1.png台灣古地名圖繪  ☜【牛仔布褂/圍裙/前掛】材質:高磅數牛仔單寧布/膠印(可水洗)規格:寬45.5cm/高81cm產品介紹：https://i.imgur.com/D9C91Sl.jpg帆前掛（Maekake）是一種日本傳統圍裙，過去數百年來，一直受到米店、清酒店、味噌店等日本商店街店家的喜愛，通常這種圍裙都是棉帆布材質，染成靛藍色，然後用厚厚的腰帶固定在腰間、繫在腰前，印著商店的名字和商標，穿在身上，就好像是會走動的活廣告。產地/製造方式Made in Taiwan.
                        ",326,"[{'id': '潘怡平', 'comment': '出貨超迅速!!!老花磚超美!!!', 'score': 5}, {'id': 'tabisuzume', 'comment': 'Everything is so cute! Thank you!', 'score': 5}, {'id': 'Andrea Chen', 'comment': '刺繡很精工，👍！', 'score': 5}, {'id': 'Eva Hsieh', 'comment': '品質非常好、謝謝。', 'score': 5}, {'id': 'akiko9172', 'comment': 'I received the item yesterday.\r\nWe responded promptly, we could trade very comfortably.\r\nI liked the product very much (*^^*)\r\nI&#39;m also happy to postcard enclosed ♡\r\nThank you (*^^*)', 'score': 5}, {'id': 'jumping', 'comment': '杯熱很美啊!! 出貨速度也很快^^', 'score': 5}, {'id': 'Winnie Tso', 'comment': '圖案很美~', 'score': 5}, {'id': 'TingHui Tsai', 'comment': '品質不錯', 'score': 5}, {'id': 'ichirobw', 'comment': '喜歡，滿意!', 'score': 5}, {'id': 'avoid214038', 'comment': '收到真開心！是個很棒的禮物！', 'score': 5}, {'id': 'wah', 'comment': '美棒了', 'score': 5}, {'id': 'Shihi Huang', 'comment': '很快速，商品也超級可愛👍', 'score': 5}, {'id': 'wah', 'comment': '好喜歡呢', 'score': 5}, {'id': 't76313', 'comment': '出貨速度超快的賣家！品質也很好:)', 'score': 5}, {'id': '楊 佳蓉じゃーろん', 'comment': '原本以為是立體的,但收到後結果是自己看錯...冏\r\n整體設計很好!是目前在台灣看到最優的設計!應該考慮在機場販售(笑', 'score': 5}, {'id': '吳念慈', 'comment': '非常喜歡', 'score': 5}, {'id': 'CCS', 'comment': '超讚的寄貨速度，實品也很美麗+囍氣，真的超感謝。', 'score': 5}, {'id': 'janine0823', 'comment': '質感很好', 'score': 5}, {'id': 'Merry', 'comment': '已收到商品囉！非常喜歡 ^^\r\n附贈的小禮物也很可愛～3Q\r\n感謝您的用心：）\r\nhttps://cdn03.pinkoi.com/pinkoi.review/muzi-art/snfBTCTa.jpg', 'score': 5}, {'id': 'sunny_sandar', 'comment': '很有質感的小物，很適合送給外國友人宣傳台灣!\r\n出貨迅速，用心的設計師~\r\n感謝你~ :)', 'score': 5}]",vintage
布地圖 ☜臺灣案內圖繪,300,地圖,棉．麻,木子創意,"
                            ▩臺灣案內圖繪▩尺寸：126x47cm材質：布產地/製造方式 三色網版水性膠印,非直噴  (耐水,抗曬,不退色)製造：台灣×附註× 地圖類產品無修邊，為保留圖面布料平整，使用後會有脫線狀況，可用剪刀修飾。
                        ",4781,"[{'id': 'tabisuzume', 'comment': 'Everything is so cute! Thank you!', 'score': 5}, {'id': 'passion021116', 'comment': '超喜歡這個地圖的，很有特色也很漂亮👍', 'score': 5}, {'id': 'j24968458', 'comment': '很棒', 'score': 5}, {'id': 'Kiki Lee', 'comment': '收到實品真的好喜歡，充滿台灣味道的好設計品，無論是當家飾擺設或是送給國外朋友都超讚！！！\r\nhttps://cdn03.pinkoi.com/pinkoi.review/muzi-art/AzCRJbLr.jpg', 'score': 5}, {'id': 'Wu Chung-Hsien', 'comment': 'Good', 'score': 5}, {'id': 'takashishi', 'comment': 'Thank you for the enemy product!\nThanks to you for enjoying Taiwan in Japan ♪\nIf you have a chance, thank you again.\n\nGratitude', 'score': 5}, {'id': 'Jill Wu', 'comment': '很棒的商品~謝謝', 'score': 5}, {'id': 'T.Y', 'comment': '感謝您~', 'score': 5}, {'id': 'Michelle Hsieh', 'comment': '看起來很有質感', 'score': 5}, {'id': 'Hsiao Wei Chen', 'comment': '非常謝謝木子創意的幫忙，實在是很對不起造成您的麻煩。布地圖很棒～包裝也很用心！', 'score': 5}, {'id': '潘怡平', 'comment': '出貨超迅速!!!老花磚超美!!!', 'score': 5}, {'id': 'Andrea Chen', 'comment': '刺繡很精工，👍！', 'score': 5}, {'id': 'Eva Hsieh', 'comment': '品質非常好、謝謝。', 'score': 5}, {'id': 'akiko9172', 'comment': 'I received the item yesterday.\r\nWe responded promptly, we could trade very comfortably.\r\nI liked the product very much (*^^*)\r\nI&#39;m also happy to postcard enclosed ♡\r\nThank you (*^^*)', 'score': 5}, {'id': 'jumping', 'comment': '杯熱很美啊!! 出貨速度也很快^^', 'score': 5}, {'id': 'Winnie Tso', 'comment': '圖案很美~', 'score': 5}, {'id': 'TingHui Tsai', 'comment': '品質不錯', 'score': 5}, {'id': 'ichirobw', 'comment': '喜歡，滿意!', 'score': 5}, {'id': 'avoid214038', 'comment': '收到真開心！是個很棒的禮物！', 'score': 5}, {'id': 'wah', 'comment': '美棒了', 'score': 5}]",vintage
title,price,category,material,brand,description,view_count,comments,style
